Cluster,HeartAttackRate
0,0.2916666666666667
1,0.3272058823529412
2,0.7777777777777778
3,1.0
4,0.35294117647058826
