Cluster,Age,Heart rate,Systolic blood pressure,Diastolic blood pressure,Blood sugar,CK-MB,Troponin
0,55.08796296296296,75.62037037037037,150.40740740740742,83.92592592592592,116.625,2.460402777777778,0.01300925925925926
1,55.463235294117645,73.78676470588235,109.53676470588235,63.68014705882353,106.21323529411765,2.378610294117647,0.013926470588235294
2,52.90909090909091,76.05050505050505,126.43434343434343,71.38383838383838,118.15151515151516,7.392222222222222,0.013494949494949495
3,62.49230769230769,75.63076923076923,120.12307692307692,70.29230769230769,119.66153846153846,2.9472615384615386,0.11532307692307692
4,55.3235294117647,75.26470588235294,120.73529411764706,70.08823529411765,212.52720588235294,2.589654411764706,0.01566176470588235
